Necesidad / hallazgo,HU / aceptación,Prioridad / puntos,Sprint Goal,Modelo / Vista / Controlador,Rama / PR / cambios,Servicio Docker,Prueba / resultado,Evidencia
"INC-LP-01
LP-01 / LP-02","HU-LP-01
201 + id WAITING","Must
2 pt","SPR-LP-01
Pedido hasta READY","MVC-LP-01
NewOrder / orders SQL / worker; Kitchen queue; create() / orders() FastAPI","docs/value-recovery-lp
Pendiente de crear repositorio del equipo
Cambios: R1, R2, R3",console + fulfillment-api + postgres + redpanda + fulfillment-worker,"T-LP-01
Pendiente de ejecutar",sprint1.json: pendiente de ejecutar
"INC-LP-01
LP-03","HU-LP-02
200, máximo 20, id presente","Must
1 pt","SPR-LP-01
Pedido hasta READY","MVC-LP-01
NewOrder / orders SQL / worker; Kitchen queue; create() / orders() FastAPI","docs/value-recovery-lp
Pendiente de crear repositorio del equipo
Cambios: R1, R2, R3",console + fulfillment-api + postgres + redpanda + fulfillment-worker,"T-LP-02
Pendiente de ejecutar",PDF inicial pp. 19–20: consulta/salud; prueba nueva pendiente
"INC-LP-01
LP-04","HU-LP-03
Mismo id PREPARING","Must
2 pt","SPR-LP-01
Pedido hasta READY","MVC-LP-01
NewOrder / orders SQL / worker; Kitchen queue; create() / orders() FastAPI","docs/value-recovery-lp
Pendiente de crear repositorio del equipo
Cambios: R1, R2, R3",console + fulfillment-api + postgres + redpanda + fulfillment-worker,"T-LP-03
Pendiente de ejecutar",sprint1.json: pendiente de ejecutar
"INC-LP-01
LP-05","HU-LP-04
WAITING → PREPARING → READY ≤60 s","Must
2 pt","SPR-LP-01
Pedido hasta READY","MVC-LP-01
NewOrder / orders SQL / worker; Kitchen queue; create() / orders() FastAPI","docs/value-recovery-lp
Pendiente de crear repositorio del equipo
Cambios: R1, R2, R3",console + fulfillment-api + postgres + redpanda + fulfillment-worker,"T-LP-04
Pendiente de ejecutar",sprint1.json: pendiente de ejecutar
